id,date,matchday,home_team,away_team,home_score,away_score,status,total_goals,goal_difference,result
537785,2025-08-15 19:00:00+00:00,1,Liverpool FC,AFC Bournemouth,4.0,2.0,FINISHED,6.0,2.0,LOCAL
537786,2025-08-16 11:30:00+00:00,1,Aston Villa FC,Newcastle United FC,0.0,0.0,FINISHED,0.0,0.0,EMPATE
537787,2025-08-16 14:00:00+00:00,1,Brighton & Hove Albion FC,Fulham FC,1.0,1.0,FINISHED,2.0,0.0,EMPATE
537789,2025-08-16 14:00:00+00:00,1,Sunderland AFC,West Ham United FC,3.0,0.0,FINISHED,3.0,3.0,LOCAL
537790,2025-08-16 14:00:00+00:00,1,Tottenham Hotspur FC,Burnley FC,3.0,0.0,FINISHED,3.0,3.0,LOCAL
537791,2025-08-16 16:30:00+00:00,1,Wolverhampton Wanderers FC,Manchester City FC,0.0,4.0,FINISHED,4.0,-4.0,VISITANTE
537788,2025-08-17 13:00:00+00:00,1,Nottingham Forest FC,Brentford FC,3.0,1.0,FINISHED,4.0,2.0,LOCAL
537792,2025-08-17 13:00:00+00:00,1,Chelsea FC,Crystal Palace FC,0.0,0.0,FINISHED,0.0,0.0,EMPATE
537793,2025-08-17 15:30:00+00:00,1,Manchester United FC,Arsenal FC,0.0,1.0,FINISHED,1.0,-1.0,VISITANTE
537794,2025-08-18 19:00:00+00:00,1,Leeds United FC,Everton FC,1.0,0.0,FINISHED,1.0,1.0,LOCAL
537804,2025-08-22 19:00:00+00:00,2,West Ham United FC,Chelsea FC,1.0,5.0,FINISHED,6.0,-4.0,VISITANTE
537802,2025-08-23 11:30:00+00:00,2,Manchester City FC,Tottenham Hotspur FC,0.0,2.0,FINISHED,2.0,-2.0,VISITANTE
537795,2025-08-23 14:00:00+00:00,2,AFC Bournemouth,Wolverhampton Wanderers FC,1.0,0.0,FINISHED,1.0,1.0,LOCAL
537798,2025-08-23 14:00:00+00:00,2,Brentford FC,Aston Villa FC,1.0,0.0,FINISHED,1.0,1.0,LOCAL
537799,2025-08-23 14:00:00+00:00,2,Burnley FC,Sunderland AFC,2.0,0.0,FINISHED,2.0,2.0,LOCAL
537797,2025-08-23 16:30:00+00:00,2,Arsenal FC,Leeds United FC,5.0,0.0,FINISHED,5.0,5.0,LOCAL
537796,2025-08-24 13:00:00+00:00,2,Crystal Palace FC,Nottingham Forest FC,1.0,1.0,FINISHED,2.0,0.0,EMPATE
537800,2025-08-24 13:00:00+00:00,2,Everton FC,Brighton & Hove Albion FC,2.0,0.0,FINISHED,2.0,2.0,LOCAL
537801,2025-08-24 15:30:00+00:00,2,Fulham FC,Manchester United FC,1.0,1.0,FINISHED,2.0,0.0,EMPATE
537803,2025-08-25 19:00:00+00:00,2,Newcastle United FC,Liverpool FC,2.0,3.0,FINISHED,5.0,-1.0,VISITANTE
537808,2025-08-30 11:30:00+00:00,3,Chelsea FC,Fulham FC,2.0,0.0,FINISHED,2.0,2.0,LOCAL
537805,2025-08-30 14:00:00+00:00,3,Sunderland AFC,Brentford FC,2.0,1.0,FINISHED,3.0,1.0,LOCAL
537811,2025-08-30 14:00:00+00:00,3,Manchester United FC,Burnley FC,3.0,2.0,FINISHED,5.0,1.0,LOCAL
537813,2025-08-30 14:00:00+00:00,3,Tottenham Hotspur FC,AFC Bournemouth,0.0,1.0,FINISHED,1.0,-1.0,VISITANTE
537814,2025-08-30 14:00:00+00:00,3,Wolverhampton Wanderers FC,Everton FC,2.0,3.0,FINISHED,5.0,-1.0,VISITANTE
537810,2025-08-30 16:30:00+00:00,3,Leeds United FC,Newcastle United FC,0.0,0.0,FINISHED,0.0,0.0,EMPATE
537807,2025-08-31 13:00:00+00:00,3,Brighton & Hove Albion FC,Manchester City FC,2.0,1.0,FINISHED,3.0,1.0,LOCAL
537812,2025-08-31 13:00:00+00:00,3,Nottingham Forest FC,West Ham United FC,0.0,3.0,FINISHED,3.0,-3.0,VISITANTE
537809,2025-08-31 15:30:00+00:00,3,Liverpool FC,Arsenal FC,1.0,0.0,FINISHED,1.0,1.0,LOCAL
537806,2025-08-31 18:00:00+00:00,3,Aston Villa FC,Crystal Palace FC,0.0,3.0,FINISHED,3.0,-3.0,VISITANTE
537817,2025-09-13 11:30:00+00:00,4,Arsenal FC,Nottingham Forest FC,3.0,0.0,FINISHED,3.0,3.0,LOCAL
537815,2025-09-13 14:00:00+00:00,4,AFC Bournemouth,Brighton & Hove Albion FC,2.0,1.0,FINISHED,3.0,1.0,LOCAL
537816,2025-09-13 14:00:00+00:00,4,Crystal Palace FC,Sunderland AFC,0.0,0.0,FINISHED,0.0,0.0,EMPATE
537820,2025-09-13 14:00:00+00:00,4,Everton FC,Aston Villa FC,0.0,0.0,FINISHED,0.0,0.0,EMPATE
537821,2025-09-13 14:00:00+00:00,4,Fulham FC,Leeds United FC,1.0,0.0,FINISHED,1.0,1.0,LOCAL
537823,2025-09-13 14:00:00+00:00,4,Newcastle United FC,Wolverhampton Wanderers FC,1.0,0.0,FINISHED,1.0,1.0,LOCAL
537824,2025-09-13 16:30:00+00:00,4,West Ham United FC,Tottenham Hotspur FC,0.0,3.0,FINISHED,3.0,-3.0,VISITANTE
537818,2025-09-13 19:00:00+00:00,4,Brentford FC,Chelsea FC,2.0,2.0,FINISHED,4.0,0.0,EMPATE
537819,2025-09-14 13:00:00+00:00,4,Burnley FC,Liverpool FC,0.0,1.0,FINISHED,1.0,-1.0,VISITANTE
537822,2025-09-14 15:30:00+00:00,4,Manchester City FC,Manchester United FC,3.0,0.0,FINISHED,3.0,3.0,LOCAL
537831,2025-09-20 11:30:00+00:00,5,Liverpool FC,Everton FC,2.0,1.0,FINISHED,3.0,1.0,LOCAL
537827,2025-09-20 14:00:00+00:00,5,Brighton & Hove Albion FC,Tottenham Hotspur FC,2.0,2.0,FINISHED,4.0,0.0,EMPATE
537829,2025-09-20 14:00:00+00:00,5,Burnley FC,Nottingham Forest FC,1.0,1.0,FINISHED,2.0,0.0,EMPATE
537833,2025-09-20 14:00:00+00:00,5,West Ham United FC,Crystal Palace FC,1.0,2.0,FINISHED,3.0,-1.0,VISITANTE
537834,2025-09-20 14:00:00+00:00,5,Wolverhampton Wanderers FC,Leeds United FC,1.0,3.0,FINISHED,4.0,-2.0,VISITANTE
537832,2025-09-20 16:30:00+00:00,5,Manchester United FC,Chelsea FC,2.0,1.0,FINISHED,3.0,1.0,LOCAL
537830,2025-09-20 19:00:00+00:00,5,Fulham FC,Brentford FC,3.0,1.0,FINISHED,4.0,2.0,LOCAL
537825,2025-09-21 13:00:00+00:00,5,AFC Bournemouth,Newcastle United FC,0.0,0.0,FINISHED,0.0,0.0,EMPATE
537826,2025-09-21 13:00:00+00:00,5,Sunderland AFC,Aston Villa FC,1.0,1.0,FINISHED,2.0,0.0,EMPATE
537828,2025-09-21 15:30:00+00:00,5,Arsenal FC,Manchester City FC,1.0,1.0,FINISHED,2.0,0.0,EMPATE
537837,2025-09-27 11:30:00+00:00,6,Brentford FC,Manchester United FC,3.0,1.0,FINISHED,4.0,2.0,LOCAL
537836,2025-09-27 14:00:00+00:00,6,Crystal Palace FC,Liverpool FC,2.0,1.0,FINISHED,3.0,1.0,LOCAL
537838,2025-09-27 14:00:00+00:00,6,Chelsea FC,Brighton & Hove Albion FC,1.0,3.0,FINISHED,4.0,-2.0,VISITANTE
537840,2025-09-27 14:00:00+00:00,6,Leeds United FC,AFC Bournemouth,2.0,2.0,FINISHED,4.0,0.0,EMPATE
537841,2025-09-27 14:00:00+00:00,6,Manchester City FC,Burnley FC,5.0,1.0,FINISHED,6.0,4.0,LOCAL
537843,2025-09-27 16:30:00+00:00,6,Nottingham Forest FC,Sunderland AFC,0.0,1.0,FINISHED,1.0,-1.0,VISITANTE
537844,2025-09-27 19:00:00+00:00,6,Tottenham Hotspur FC,Wolverhampton Wanderers FC,1.0,1.0,FINISHED,2.0,0.0,EMPATE
537835,2025-09-28 13:00:00+00:00,6,Aston Villa FC,Fulham FC,3.0,1.0,FINISHED,4.0,2.0,LOCAL
537842,2025-09-28 15:30:00+00:00,6,Newcastle United FC,Arsenal FC,1.0,2.0,FINISHED,3.0,-1.0,VISITANTE
537839,2025-09-29 19:00:00+00:00,6,Everton FC,West Ham United FC,1.0,1.0,FINISHED,2.0,0.0,EMPATE
537845,2025-10-03 19:00:00+00:00,7,AFC Bournemouth,Fulham FC,3.0,1.0,FINISHED,4.0,2.0,LOCAL
537851,2025-10-04 11:30:00+00:00,7,Leeds United FC,Tottenham Hotspur FC,1.0,2.0,FINISHED,3.0,-1.0,VISITANTE
537847,2025-10-04 14:00:00+00:00,7,Arsenal FC,West Ham United FC,2.0,0.0,FINISHED,2.0,2.0,LOCAL
537852,2025-10-04 14:00:00+00:00,7,Manchester United FC,Sunderland AFC,2.0,0.0,FINISHED,2.0,2.0,LOCAL
537849,2025-10-04 16:30:00+00:00,7,Chelsea FC,Liverpool FC,2.0,1.0,FINISHED,3.0,1.0,LOCAL
537846,2025-10-05 13:00:00+00:00,7,Aston Villa FC,Burnley FC,2.0,1.0,FINISHED,3.0,1.0,LOCAL
537850,2025-10-05 13:00:00+00:00,7,Everton FC,Crystal Palace FC,2.0,1.0,FINISHED,3.0,1.0,LOCAL
537853,2025-10-05 13:00:00+00:00,7,Newcastle United FC,Nottingham Forest FC,2.0,0.0,FINISHED,2.0,2.0,LOCAL
537854,2025-10-05 13:00:00+00:00,7,Wolverhampton Wanderers FC,Brighton & Hove Albion FC,1.0,1.0,FINISHED,2.0,0.0,EMPATE
537848,2025-10-05 15:30:00+00:00,7,Brentford FC,Manchester City FC,0.0,1.0,FINISHED,1.0,-1.0,VISITANTE
537862,2025-10-18 11:30:00+00:00,8,Nottingham Forest FC,Chelsea FC,0.0,3.0,FINISHED,3.0,-3.0,VISITANTE
537856,2025-10-18 14:00:00+00:00,8,Brighton & Hove Albion FC,Newcastle United FC,2.0,1.0,FINISHED,3.0,1.0,LOCAL
537857,2025-10-18 14:00:00+00:00,8,Crystal Palace FC,AFC Bournemouth,3.0,3.0,FINISHED,6.0,0.0,EMPATE
537858,2025-10-18 14:00:00+00:00,8,Burnley FC,Leeds United FC,2.0,0.0,FINISHED,2.0,2.0,LOCAL
537861,2025-10-18 14:00:00+00:00,8,Manchester City FC,Everton FC,2.0,0.0,FINISHED,2.0,2.0,LOCAL
537855,2025-10-18 14:00:00+00:00,8,Sunderland AFC,Wolverhampton Wanderers FC,2.0,0.0,FINISHED,2.0,2.0,LOCAL
537859,2025-10-18 16:30:00+00:00,8,Fulham FC,Arsenal FC,0.0,1.0,FINISHED,1.0,-1.0,VISITANTE
537863,2025-10-19 13:00:00+00:00,8,Tottenham Hotspur FC,Aston Villa FC,1.0,2.0,FINISHED,3.0,-1.0,VISITANTE
537860,2025-10-19 15:30:00+00:00,8,Liverpool FC,Manchester United FC,1.0,2.0,FINISHED,3.0,-1.0,VISITANTE
537864,2025-10-20 19:00:00+00:00,8,West Ham United FC,Brentford FC,0.0,2.0,FINISHED,2.0,-2.0,VISITANTE
537871,2025-10-24 19:00:00+00:00,9,Leeds United FC,West Ham United FC,2.0,1.0,FINISHED,3.0,1.0,LOCAL
537869,2025-10-25 14:00:00+00:00,9,Chelsea FC,Sunderland AFC,1.0,2.0,FINISHED,3.0,-1.0,VISITANTE
537873,2025-10-25 14:00:00+00:00,9,Newcastle United FC,Fulham FC,2.0,1.0,FINISHED,3.0,1.0,LOCAL
537872,2025-10-25 16:30:00+00:00,9,Manchester United FC,Brighton & Hove Albion FC,4.0,2.0,FINISHED,6.0,2.0,LOCAL
537868,2025-10-25 19:00:00+00:00,9,Brentford FC,Liverpool FC,3.0,2.0,FINISHED,5.0,1.0,LOCAL
537865,2025-10-26 14:00:00+00:00,9,AFC Bournemouth,Nottingham Forest FC,2.0,0.0,FINISHED,2.0,2.0,LOCAL
537866,2025-10-26 14:00:00+00:00,9,Aston Villa FC,Manchester City FC,1.0,0.0,FINISHED,1.0,1.0,LOCAL
537867,2025-10-26 14:00:00+00:00,9,Arsenal FC,Crystal Palace FC,1.0,0.0,FINISHED,1.0,1.0,LOCAL
537874,2025-10-26 14:00:00+00:00,9,Wolverhampton Wanderers FC,Burnley FC,2.0,3.0,FINISHED,5.0,-1.0,VISITANTE
537870,2025-10-26 16:30:00+00:00,9,Everton FC,Tottenham Hotspur FC,0.0,3.0,FINISHED,3.0,-3.0,VISITANTE
537876,2025-11-01 15:00:00+00:00,10,Brighton & Hove Albion FC,Leeds United FC,3.0,0.0,FINISHED,3.0,3.0,LOCAL
537877,2025-11-01 15:00:00+00:00,10,Crystal Palace FC,Brentford FC,2.0,0.0,FINISHED,2.0,2.0,LOCAL
537878,2025-11-01 15:00:00+00:00,10,Burnley FC,Arsenal FC,0.0,2.0,FINISHED,2.0,-2.0,VISITANTE
537879,2025-11-01 15:00:00+00:00,10,Fulham FC,Wolverhampton Wanderers FC,3.0,0.0,FINISHED,3.0,3.0,LOCAL
537882,2025-11-01 15:00:00+00:00,10,Nottingham Forest FC,Manchester United FC,2.0,2.0,FINISHED,4.0,0.0,EMPATE
537883,2025-11-01 17:30:00+00:00,10,Tottenham Hotspur FC,Chelsea FC,0.0,1.0,FINISHED,1.0,-1.0,VISITANTE
537880,2025-11-01 20:00:00+00:00,10,Liverpool FC,Aston Villa FC,2.0,0.0,FINISHED,2.0,2.0,LOCAL
537884,2025-11-02 14:00:00+00:00,10,West Ham United FC,Newcastle United FC,3.0,1.0,FINISHED,4.0,2.0,LOCAL
537881,2025-11-02 16:30:00+00:00,10,Manchester City FC,AFC Bournemouth,3.0,1.0,FINISHED,4.0,2.0,LOCAL
537875,2025-11-03 20:00:00+00:00,10,Sunderland AFC,Everton FC,1.0,1.0,FINISHED,2.0,0.0,EMPATE
537893,2025-11-08 12:30:00+00:00,11,Tottenham Hotspur FC,Manchester United FC,2.0,2.0,FINISHED,4.0,0.0,EMPATE
537890,2025-11-08 15:00:00+00:00,11,Everton FC,Fulham FC,2.0,0.0,FINISHED,2.0,2.0,LOCAL
537894,2025-11-08 15:00:00+00:00,11,West Ham United FC,Burnley FC,3.0,2.0,FINISHED,5.0,1.0,LOCAL
537885,2025-11-08 17:30:00+00:00,11,Sunderland AFC,Arsenal FC,2.0,2.0,FINISHED,4.0,0.0,EMPATE
537889,2025-11-08 20:00:00+00:00,11,Chelsea FC,Wolverhampton Wanderers FC,3.0,0.0,FINISHED,3.0,3.0,LOCAL
537886,2025-11-09 14:00:00+00:00,11,Aston Villa FC,AFC Bournemouth,4.0,0.0,FINISHED,4.0,4.0,LOCAL
537887,2025-11-09 14:00:00+00:00,11,Crystal Palace FC,Brighton & Hove Albion FC,0.0,0.0,FINISHED,0.0,0.0,EMPATE
537888,2025-11-09 14:00:00+00:00,11,Brentford FC,Newcastle United FC,3.0,1.0,FINISHED,4.0,2.0,LOCAL
537892,2025-11-09 14:00:00+00:00,11,Nottingham Forest FC,Leeds United FC,3.0,1.0,FINISHED,4.0,2.0,LOCAL
537891,2025-11-09 16:30:00+00:00,11,Manchester City FC,Liverpool FC,3.0,0.0,FINISHED,3.0,3.0,LOCAL
537898,2025-11-22 12:30:00+00:00,12,Burnley FC,Chelsea FC,0.0,2.0,FINISHED,2.0,-2.0,VISITANTE
537895,2025-11-22 15:00:00+00:00,12,AFC Bournemouth,West Ham United FC,2.0,2.0,FINISHED,4.0,0.0,EMPATE
537896,2025-11-22 15:00:00+00:00,12,Brighton & Hove Albion FC,Brentford FC,2.0,1.0,FINISHED,3.0,1.0,LOCAL
537899,2025-11-22 15:00:00+00:00,12,Fulham FC,Sunderland AFC,1.0,0.0,FINISHED,1.0,1.0,LOCAL
537900,2025-11-22 15:00:00+00:00,12,Liverpool FC,Nottingham Forest FC,0.0,3.0,FINISHED,3.0,-3.0,VISITANTE
537904,2025-11-22 15:00:00+00:00,12,Wolverhampton Wanderers FC,Crystal Palace FC,0.0,2.0,FINISHED,2.0,-2.0,VISITANTE
537903,2025-11-22 17:30:00+00:00,12,Newcastle United FC,Manchester City FC,2.0,1.0,FINISHED,3.0,1.0,LOCAL
537901,2025-11-23 14:00:00+00:00,12,Leeds United FC,Aston Villa FC,1.0,2.0,FINISHED,3.0,-1.0,VISITANTE
537897,2025-11-23 16:30:00+00:00,12,Arsenal FC,Tottenham Hotspur FC,4.0,1.0,FINISHED,5.0,3.0,LOCAL
537902,2025-11-24 20:00:00+00:00,12,Manchester United FC,Everton FC,0.0,1.0,FINISHED,1.0,-1.0,VISITANTE
537905,2025-11-29 15:00:00+00:00,13,Sunderland AFC,AFC Bournemouth,3.0,2.0,FINISHED,5.0,1.0,LOCAL
537908,2025-11-29 15:00:00+00:00,13,Brentford FC,Burnley FC,3.0,1.0,FINISHED,4.0,2.0,LOCAL
537911,2025-11-29 15:00:00+00:00,13,Manchester City FC,Leeds United FC,3.0,2.0,FINISHED,5.0,1.0,LOCAL
537910,2025-11-29 17:30:00+00:00,13,Everton FC,Newcastle United FC,1.0,4.0,FINISHED,5.0,-3.0,VISITANTE
537913,2025-11-29 20:00:00+00:00,13,Tottenham Hotspur FC,Fulham FC,1.0,2.0,FINISHED,3.0,-1.0,VISITANTE
537907,2025-11-30 12:00:00+00:00,13,Crystal Palace FC,Manchester United FC,1.0,2.0,FINISHED,3.0,-1.0,VISITANTE
537906,2025-11-30 14:05:00+00:00,13,Aston Villa FC,Wolverhampton Wanderers FC,1.0,0.0,FINISHED,1.0,1.0,LOCAL
537912,2025-11-30 14:05:00+00:00,13,Nottingham Forest FC,Brighton & Hove Albion FC,0.0,2.0,FINISHED,2.0,-2.0,VISITANTE
537914,2025-11-30 14:05:00+00:00,13,West Ham United FC,Liverpool FC,0.0,2.0,FINISHED,2.0,-2.0,VISITANTE
537909,2025-11-30 16:30:00+00:00,13,Chelsea FC,Arsenal FC,1.0,1.0,FINISHED,2.0,0.0,EMPATE
537915,2025-12-02 19:30:00+00:00,14,AFC Bournemouth,Everton FC,0.0,1.0,FINISHED,1.0,-1.0,VISITANTE
537919,2025-12-02 19:30:00+00:00,14,Fulham FC,Manchester City FC,4.0,5.0,FINISHED,9.0,-1.0,VISITANTE
537923,2025-12-02 20:15:00+00:00,14,Newcastle United FC,Tottenham Hotspur FC,2.0,2.0,FINISHED,4.0,0.0,EMPATE
537916,2025-12-03 19:30:00+00:00,14,Brighton & Hove Albion FC,Aston Villa FC,3.0,4.0,FINISHED,7.0,-1.0,VISITANTE
537917,2025-12-03 19:30:00+00:00,14,Arsenal FC,Brentford FC,2.0,0.0,FINISHED,2.0,2.0,LOCAL
537918,2025-12-03 19:30:00+00:00,14,Burnley FC,Crystal Palace FC,0.0,1.0,FINISHED,1.0,-1.0,VISITANTE
537924,2025-12-03 19:30:00+00:00,14,Wolverhampton Wanderers FC,Nottingham Forest FC,0.0,1.0,FINISHED,1.0,-1.0,VISITANTE
537920,2025-12-03 20:15:00+00:00,14,Liverpool FC,Sunderland AFC,1.0,1.0,FINISHED,2.0,0.0,EMPATE
537921,2025-12-03 20:15:00+00:00,14,Leeds United FC,Chelsea FC,3.0,1.0,FINISHED,4.0,2.0,LOCAL
537922,2025-12-04 20:00:00+00:00,14,Manchester United FC,West Ham United FC,1.0,1.0,FINISHED,2.0,0.0,EMPATE
537926,2025-12-06 12:30:00+00:00,15,Aston Villa FC,Arsenal FC,2.0,1.0,FINISHED,3.0,1.0,LOCAL
537925,2025-12-06 15:00:00+00:00,15,AFC Bournemouth,Chelsea FC,0.0,0.0,FINISHED,0.0,0.0,EMPATE
537928,2025-12-06 15:00:00+00:00,15,Everton FC,Nottingham Forest FC,3.0,0.0,FINISHED,3.0,3.0,LOCAL
537931,2025-12-06 15:00:00+00:00,15,Manchester City FC,Sunderland AFC,3.0,0.0,FINISHED,3.0,3.0,LOCAL
537932,2025-12-06 15:00:00+00:00,15,Newcastle United FC,Burnley FC,2.0,1.0,FINISHED,3.0,1.0,LOCAL
537933,2025-12-06 15:00:00+00:00,15,Tottenham Hotspur FC,Brentford FC,2.0,0.0,FINISHED,2.0,2.0,LOCAL
537930,2025-12-06 17:30:00+00:00,15,Leeds United FC,Liverpool FC,3.0,3.0,FINISHED,6.0,0.0,EMPATE
537927,2025-12-07 14:00:00+00:00,15,Brighton & Hove Albion FC,West Ham United FC,1.0,1.0,FINISHED,2.0,0.0,EMPATE
537929,2025-12-07 16:30:00+00:00,15,Fulham FC,Crystal Palace FC,1.0,2.0,FINISHED,3.0,-1.0,VISITANTE
537934,2025-12-08 20:00:00+00:00,15,Wolverhampton Wanderers FC,Manchester United FC,1.0,4.0,FINISHED,5.0,-3.0,VISITANTE
537940,2025-12-13 15:00:00+00:00,16,Chelsea FC,Everton FC,2.0,0.0,FINISHED,2.0,2.0,LOCAL
537941,2025-12-13 15:00:00+00:00,16,Liverpool FC,Brighton & Hove Albion FC,2.0,0.0,FINISHED,2.0,2.0,LOCAL
537939,2025-12-13 17:30:00+00:00,16,Burnley FC,Fulham FC,2.0,3.0,FINISHED,5.0,-1.0,VISITANTE
537937,2025-12-13 20:00:00+00:00,16,Arsenal FC,Wolverhampton Wanderers FC,2.0,1.0,FINISHED,3.0,1.0,LOCAL
537935,2025-12-14 14:00:00+00:00,16,Sunderland AFC,Newcastle United FC,1.0,0.0,FINISHED,1.0,1.0,LOCAL
537936,2025-12-14 14:00:00+00:00,16,Crystal Palace FC,Manchester City FC,0.0,3.0,FINISHED,3.0,-3.0,VISITANTE
537943,2025-12-14 14:00:00+00:00,16,Nottingham Forest FC,Tottenham Hotspur FC,3.0,0.0,FINISHED,3.0,3.0,LOCAL
537944,2025-12-14 14:00:00+00:00,16,West Ham United FC,Aston Villa FC,2.0,3.0,FINISHED,5.0,-1.0,VISITANTE
537938,2025-12-14 16:30:00+00:00,16,Brentford FC,Leeds United FC,1.0,1.0,FINISHED,2.0,0.0,EMPATE
537942,2025-12-15 20:00:00+00:00,16,Manchester United FC,AFC Bournemouth,4.0,4.0,FINISHED,8.0,0.0,EMPATE
537952,2025-12-20 12:30:00+00:00,17,Newcastle United FC,Chelsea FC,2.0,2.0,FINISHED,4.0,0.0,EMPATE
537945,2025-12-20 15:00:00+00:00,17,AFC Bournemouth,Burnley FC,1.0,1.0,FINISHED,2.0,0.0,EMPATE
537947,2025-12-20 15:00:00+00:00,17,Brighton & Hove Albion FC,Sunderland AFC,0.0,0.0,FINISHED,0.0,0.0,EMPATE
537951,2025-12-20 15:00:00+00:00,17,Manchester City FC,West Ham United FC,3.0,0.0,FINISHED,3.0,3.0,LOCAL
537954,2025-12-20 15:00:00+00:00,17,Wolverhampton Wanderers FC,Brentford FC,0.0,2.0,FINISHED,2.0,-2.0,VISITANTE
537953,2025-12-20 17:30:00+00:00,17,Tottenham Hotspur FC,Liverpool FC,1.0,2.0,FINISHED,3.0,-1.0,VISITANTE
537948,2025-12-20 20:00:00+00:00,17,Everton FC,Arsenal FC,0.0,1.0,FINISHED,1.0,-1.0,VISITANTE
537950,2025-12-20 20:00:00+00:00,17,Leeds United FC,Crystal Palace FC,4.0,1.0,FINISHED,5.0,3.0,LOCAL
537946,2025-12-21 16:30:00+00:00,17,Aston Villa FC,Manchester United FC,2.0,1.0,FINISHED,3.0,1.0,LOCAL
537949,2025-12-22 20:00:00+00:00,17,Fulham FC,Nottingham Forest FC,1.0,0.0,FINISHED,1.0,1.0,LOCAL
537962,2025-12-26 20:00:00+00:00,18,Manchester United FC,Newcastle United FC,1.0,0.0,FINISHED,1.0,1.0,LOCAL
537963,2025-12-27 12:30:00+00:00,18,Nottingham Forest FC,Manchester City FC,1.0,2.0,FINISHED,3.0,-1.0,VISITANTE
537957,2025-12-27 15:00:00+00:00,18,Arsenal FC,Brighton & Hove Albion FC,2.0,1.0,FINISHED,3.0,1.0,LOCAL
537958,2025-12-27 15:00:00+00:00,18,Brentford FC,AFC Bournemouth,4.0,1.0,FINISHED,5.0,3.0,LOCAL
537959,2025-12-27 15:00:00+00:00,18,Burnley FC,Everton FC,0.0,0.0,FINISHED,0.0,0.0,EMPATE
537961,2025-12-27 15:00:00+00:00,18,Liverpool FC,Wolverhampton Wanderers FC,2.0,1.0,FINISHED,3.0,1.0,LOCAL
537964,2025-12-27 15:00:00+00:00,18,West Ham United FC,Fulham FC,0.0,1.0,FINISHED,1.0,-1.0,VISITANTE
537960,2025-12-27 17:30:00+00:00,18,Chelsea FC,Aston Villa FC,1.0,2.0,FINISHED,3.0,-1.0,VISITANTE
537955,2025-12-28 14:00:00+00:00,18,Sunderland AFC,Leeds United FC,1.0,1.0,FINISHED,2.0,0.0,EMPATE
537956,2025-12-28 16:30:00+00:00,18,Crystal Palace FC,Tottenham Hotspur FC,0.0,1.0,FINISHED,1.0,-1.0,VISITANTE
537969,2025-12-30 19:30:00+00:00,19,Burnley FC,Newcastle United FC,1.0,3.0,FINISHED,4.0,-2.0,VISITANTE
537970,2025-12-30 19:30:00+00:00,19,Chelsea FC,AFC Bournemouth,2.0,2.0,FINISHED,4.0,0.0,EMPATE
537973,2025-12-30 19:30:00+00:00,19,Nottingham Forest FC,Everton FC,0.0,2.0,FINISHED,2.0,-2.0,VISITANTE
537974,2025-12-30 19:30:00+00:00,19,West Ham United FC,Brighton & Hove Albion FC,2.0,2.0,FINISHED,4.0,0.0,EMPATE
537967,2025-12-30 20:15:00+00:00,19,Arsenal FC,Aston Villa FC,4.0,1.0,FINISHED,5.0,3.0,LOCAL
537972,2025-12-30 20:15:00+00:00,19,Manchester United FC,Wolverhampton Wanderers FC,1.0,1.0,FINISHED,2.0,0.0,EMPATE
537966,2026-01-01 17:30:00+00:00,19,Crystal Palace FC,Fulham FC,1.0,1.0,FINISHED,2.0,0.0,EMPATE
537971,2026-01-01 17:30:00+00:00,19,Liverpool FC,Leeds United FC,0.0,0.0,FINISHED,0.0,0.0,EMPATE
537965,2026-01-01 20:00:00+00:00,19,Sunderland AFC,Manchester City FC,0.0,0.0,FINISHED,0.0,0.0,EMPATE
537968,2026-01-01 20:00:00+00:00,19,Brentford FC,Tottenham Hotspur FC,0.0,0.0,FINISHED,0.0,0.0,EMPATE
537976,2026-01-03 12:30:00+00:00,20,Aston Villa FC,Nottingham Forest FC,3.0,1.0,FINISHED,4.0,2.0,LOCAL
537977,2026-01-03 15:00:00+00:00,20,Brighton & Hove Albion FC,Burnley FC,2.0,0.0,FINISHED,2.0,2.0,LOCAL
537984,2026-01-03 15:00:00+00:00,20,Wolverhampton Wanderers FC,West Ham United FC,3.0,0.0,FINISHED,3.0,3.0,LOCAL
537975,2026-01-03 17:30:00+00:00,20,AFC Bournemouth,Arsenal FC,2.0,3.0,FINISHED,5.0,-1.0,VISITANTE
537980,2026-01-04 12:30:00+00:00,20,Leeds United FC,Manchester United FC,1.0,1.0,FINISHED,2.0,0.0,EMPATE
537978,2026-01-04 15:00:00+00:00,20,Everton FC,Brentford FC,2.0,4.0,FINISHED,6.0,-2.0,VISITANTE
537982,2026-01-04 15:00:00+00:00,20,Newcastle United FC,Crystal Palace FC,2.0,0.0,FINISHED,2.0,2.0,LOCAL
537983,2026-01-04 15:00:00+00:00,20,Tottenham Hotspur FC,Sunderland AFC,1.0,1.0,FINISHED,2.0,0.0,EMPATE
537979,2026-01-04 15:15:00+00:00,20,Fulham FC,Liverpool FC,2.0,2.0,FINISHED,4.0,0.0,EMPATE
537981,2026-01-04 17:30:00+00:00,20,Manchester City FC,Chelsea FC,1.0,1.0,FINISHED,2.0,0.0,EMPATE
537994,2026-01-06 20:00:00+00:00,21,West Ham United FC,Nottingham Forest FC,1.0,2.0,FINISHED,3.0,-1.0,VISITANTE
537985,2026-01-07 19:30:00+00:00,21,AFC Bournemouth,Tottenham Hotspur FC,3.0,2.0,FINISHED,5.0,1.0,LOCAL
537986,2026-01-07 19:30:00+00:00,21,Crystal Palace FC,Aston Villa FC,0.0,0.0,FINISHED,0.0,0.0,EMPATE
537988,2026-01-07 19:30:00+00:00,21,Brentford FC,Sunderland AFC,3.0,0.0,FINISHED,3.0,3.0,LOCAL
537990,2026-01-07 19:30:00+00:00,21,Everton FC,Wolverhampton Wanderers FC,1.0,1.0,FINISHED,2.0,0.0,EMPATE
537991,2026-01-07 19:30:00+00:00,21,Fulham FC,Chelsea FC,2.0,1.0,FINISHED,3.0,1.0,LOCAL
537992,2026-01-07 19:30:00+00:00,21,Manchester City FC,Brighton & Hove Albion FC,1.0,1.0,FINISHED,2.0,0.0,EMPATE
537989,2026-01-07 20:15:00+00:00,21,Burnley FC,Manchester United FC,2.0,2.0,FINISHED,4.0,0.0,EMPATE
537993,2026-01-07 20:15:00+00:00,21,Newcastle United FC,Leeds United FC,4.0,3.0,FINISHED,7.0,1.0,LOCAL
537987,2026-01-08 20:00:00+00:00,21,Arsenal FC,Liverpool FC,0.0,0.0,FINISHED,0.0,0.0,EMPATE
538001,2026-01-17 12:30:00+00:00,22,Manchester United FC,Manchester City FC,,,TIMED,0.0,0.0,SIN JUGAR
537995,2026-01-17 15:00:00+00:00,22,Sunderland AFC,Crystal Palace FC,,,TIMED,0.0,0.0,SIN JUGAR
537998,2026-01-17 15:00:00+00:00,22,Chelsea FC,Brentford FC,,,TIMED,0.0,0.0,SIN JUGAR
537999,2026-01-17 15:00:00+00:00,22,Liverpool FC,Burnley FC,,,TIMED,0.0,0.0,SIN JUGAR
538000,2026-01-17 15:00:00+00:00,22,Leeds United FC,Fulham FC,,,TIMED,0.0,0.0,SIN JUGAR
538003,2026-01-17 15:00:00+00:00,22,Tottenham Hotspur FC,West Ham United FC,,,TIMED,0.0,0.0,SIN JUGAR
538002,2026-01-17 17:30:00+00:00,22,Nottingham Forest FC,Arsenal FC,,,TIMED,0.0,0.0,SIN JUGAR
538004,2026-01-18 14:00:00+00:00,22,Wolverhampton Wanderers FC,Newcastle United FC,,,TIMED,0.0,0.0,SIN JUGAR
537996,2026-01-18 16:30:00+00:00,22,Aston Villa FC,Everton FC,,,TIMED,0.0,0.0,SIN JUGAR
537997,2026-01-19 20:00:00+00:00,22,Brighton & Hove Albion FC,AFC Bournemouth,,,TIMED,0.0,0.0,SIN JUGAR
538014,2026-01-24 12:30:00+00:00,23,West Ham United FC,Sunderland AFC,,,TIMED,0.0,0.0,SIN JUGAR
538009,2026-01-24 15:00:00+00:00,23,Burnley FC,Tottenham Hotspur FC,,,TIMED,0.0,0.0,SIN JUGAR
538011,2026-01-24 15:00:00+00:00,23,Fulham FC,Brighton & Hove Albion FC,,,TIMED,0.0,0.0,SIN JUGAR
538012,2026-01-24 15:00:00+00:00,23,Manchester City FC,Wolverhampton Wanderers FC,,,TIMED,0.0,0.0,SIN JUGAR
538005,2026-01-24 17:30:00+00:00,23,AFC Bournemouth,Liverpool FC,,,TIMED,0.0,0.0,SIN JUGAR
538006,2026-01-25 14:00:00+00:00,23,Crystal Palace FC,Chelsea FC,,,TIMED,0.0,0.0,SIN JUGAR
538008,2026-01-25 14:00:00+00:00,23,Brentford FC,Nottingham Forest FC,,,TIMED,0.0,0.0,SIN JUGAR
538013,2026-01-25 14:00:00+00:00,23,Newcastle United FC,Aston Villa FC,,,TIMED,0.0,0.0,SIN JUGAR
538007,2026-01-25 16:30:00+00:00,23,Arsenal FC,Manchester United FC,,,TIMED,0.0,0.0,SIN JUGAR
538010,2026-01-26 20:00:00+00:00,23,Everton FC,Leeds United FC,,,TIMED,0.0,0.0,SIN JUGAR
538017,2026-01-31 15:00:00+00:00,24,Brighton & Hove Albion FC,Everton FC,,,TIMED,0.0,0.0,SIN JUGAR
538020,2026-01-31 15:00:00+00:00,24,Leeds United FC,Arsenal FC,,,TIMED,0.0,0.0,SIN JUGAR
538024,2026-01-31 15:00:00+00:00,24,Wolverhampton Wanderers FC,AFC Bournemouth,,,TIMED,0.0,0.0,SIN JUGAR
538018,2026-01-31 17:30:00+00:00,24,Chelsea FC,West Ham United FC,,,TIMED,0.0,0.0,SIN JUGAR
538019,2026-01-31 20:00:00+00:00,24,Liverpool FC,Newcastle United FC,,,TIMED,0.0,0.0,SIN JUGAR
538016,2026-02-01 14:00:00+00:00,24,Aston Villa FC,Brentford FC,,,TIMED,0.0,0.0,SIN JUGAR
538021,2026-02-01 14:00:00+00:00,24,Manchester United FC,Fulham FC,,,TIMED,0.0,0.0,SIN JUGAR
538022,2026-02-01 14:00:00+00:00,24,Nottingham Forest FC,Crystal Palace FC,,,TIMED,0.0,0.0,SIN JUGAR
538023,2026-02-01 16:30:00+00:00,24,Tottenham Hotspur FC,Manchester City FC,,,TIMED,0.0,0.0,SIN JUGAR
538015,2026-02-02 20:00:00+00:00,24,Sunderland AFC,Burnley FC,,,TIMED,0.0,0.0,SIN JUGAR
538031,2026-02-06 20:00:00+00:00,25,Leeds United FC,Nottingham Forest FC,,,TIMED,0.0,0.0,SIN JUGAR
538032,2026-02-07 12:30:00+00:00,25,Manchester United FC,Tottenham Hotspur FC,,,TIMED,0.0,0.0,SIN JUGAR
538025,2026-02-07 15:00:00+00:00,25,AFC Bournemouth,Aston Villa FC,,,TIMED,0.0,0.0,SIN JUGAR
538027,2026-02-07 15:00:00+00:00,25,Arsenal FC,Sunderland AFC,,,TIMED,0.0,0.0,SIN JUGAR
538028,2026-02-07 15:00:00+00:00,25,Burnley FC,West Ham United FC,,,TIMED,0.0,0.0,SIN JUGAR
538029,2026-02-07 15:00:00+00:00,25,Fulham FC,Everton FC,,,TIMED,0.0,0.0,SIN JUGAR
538034,2026-02-07 15:00:00+00:00,25,Wolverhampton Wanderers FC,Chelsea FC,,,TIMED,0.0,0.0,SIN JUGAR
538033,2026-02-07 17:30:00+00:00,25,Newcastle United FC,Brentford FC,,,TIMED,0.0,0.0,SIN JUGAR
538026,2026-02-08 14:00:00+00:00,25,Brighton & Hove Albion FC,Crystal Palace FC,,,TIMED,0.0,0.0,SIN JUGAR
538030,2026-02-08 16:30:00+00:00,25,Liverpool FC,Manchester City FC,,,TIMED,0.0,0.0,SIN JUGAR
538039,2026-02-10 19:30:00+00:00,26,Chelsea FC,Leeds United FC,,,TIMED,0.0,0.0,SIN JUGAR
538040,2026-02-10 19:30:00+00:00,26,Everton FC,AFC Bournemouth,,,TIMED,0.0,0.0,SIN JUGAR
538043,2026-02-10 19:30:00+00:00,26,Tottenham Hotspur FC,Newcastle United FC,,,TIMED,0.0,0.0,SIN JUGAR
538044,2026-02-10 20:15:00+00:00,26,West Ham United FC,Manchester United FC,,,TIMED,0.0,0.0,SIN JUGAR
538036,2026-02-11 19:30:00+00:00,26,Aston Villa FC,Brighton & Hove Albion FC,,,TIMED,0.0,0.0,SIN JUGAR
538037,2026-02-11 19:30:00+00:00,26,Crystal Palace FC,Burnley FC,,,TIMED,0.0,0.0,SIN JUGAR
538041,2026-02-11 19:30:00+00:00,26,Manchester City FC,Fulham FC,,,TIMED,0.0,0.0,SIN JUGAR
538042,2026-02-11 19:30:00+00:00,26,Nottingham Forest FC,Wolverhampton Wanderers FC,,,TIMED,0.0,0.0,SIN JUGAR
538035,2026-02-11 20:15:00+00:00,26,Sunderland AFC,Liverpool FC,,,TIMED,0.0,0.0,SIN JUGAR
538038,2026-02-12 20:00:00+00:00,26,Brentford FC,Arsenal FC,,,TIMED,0.0,0.0,SIN JUGAR
538051,2026-02-21 12:30:00+00:00,27,Manchester City FC,Newcastle United FC,,,TIMED,0.0,0.0,SIN JUGAR
538046,2026-02-21 15:00:00+00:00,27,Aston Villa FC,Leeds United FC,,,TIMED,0.0,0.0,SIN JUGAR
538047,2026-02-21 15:00:00+00:00,27,Crystal Palace FC,Wolverhampton Wanderers FC,,,TIMED,0.0,0.0,SIN JUGAR
538048,2026-02-21 15:00:00+00:00,27,Brentford FC,Brighton & Hove Albion FC,,,TIMED,0.0,0.0,SIN JUGAR
538049,2026-02-21 15:00:00+00:00,27,Chelsea FC,Burnley FC,,,TIMED,0.0,0.0,SIN JUGAR
538052,2026-02-21 15:00:00+00:00,27,Nottingham Forest FC,Liverpool FC,,,TIMED,0.0,0.0,SIN JUGAR
538054,2026-02-21 17:30:00+00:00,27,West Ham United FC,AFC Bournemouth,,,TIMED,0.0,0.0,SIN JUGAR
538045,2026-02-22 14:00:00+00:00,27,Sunderland AFC,Fulham FC,,,TIMED,0.0,0.0,SIN JUGAR
538053,2026-02-22 16:30:00+00:00,27,Tottenham Hotspur FC,Arsenal FC,,,TIMED,0.0,0.0,SIN JUGAR
538050,2026-02-23 20:00:00+00:00,27,Everton FC,Manchester United FC,,,TIMED,0.0,0.0,SIN JUGAR
538064,2026-02-27 20:00:00+00:00,28,Wolverhampton Wanderers FC,Aston Villa FC,,,TIMED,0.0,0.0,SIN JUGAR
538055,2026-02-28 12:30:00+00:00,28,AFC Bournemouth,Sunderland AFC,,,TIMED,0.0,0.0,SIN JUGAR
538056,2026-02-28 15:00:00+00:00,28,Brighton & Hove Albion FC,Nottingham Forest FC,,,TIMED,0.0,0.0,SIN JUGAR
538058,2026-02-28 15:00:00+00:00,28,Burnley FC,Brentford FC,,,TIMED,0.0,0.0,SIN JUGAR
538060,2026-02-28 15:00:00+00:00,28,Liverpool FC,West Ham United FC,,,TIMED,0.0,0.0,SIN JUGAR
538062,2026-02-28 15:00:00+00:00,28,Manchester United FC,Crystal Palace FC,,,TIMED,0.0,0.0,SIN JUGAR
538063,2026-02-28 15:00:00+00:00,28,Newcastle United FC,Everton FC,,,TIMED,0.0,0.0,SIN JUGAR
538061,2026-02-28 17:30:00+00:00,28,Leeds United FC,Manchester City FC,,,TIMED,0.0,0.0,SIN JUGAR
538059,2026-03-01 14:00:00+00:00,28,Fulham FC,Tottenham Hotspur FC,,,TIMED,0.0,0.0,SIN JUGAR
538057,2026-03-01 16:30:00+00:00,28,Arsenal FC,Chelsea FC,,,TIMED,0.0,0.0,SIN JUGAR
538065,2026-03-04 20:00:00+00:00,29,AFC Bournemouth,Brentford FC,,,TIMED,0.0,0.0,SIN JUGAR
538066,2026-03-04 20:00:00+00:00,29,Aston Villa FC,Chelsea FC,,,TIMED,0.0,0.0,SIN JUGAR
538067,2026-03-04 20:00:00+00:00,29,Brighton & Hove Albion FC,Arsenal FC,,,TIMED,0.0,0.0,SIN JUGAR
538068,2026-03-04 20:00:00+00:00,29,Everton FC,Burnley FC,,,TIMED,0.0,0.0,SIN JUGAR
538069,2026-03-04 20:00:00+00:00,29,Fulham FC,West Ham United FC,,,TIMED,0.0,0.0,SIN JUGAR
538070,2026-03-04 20:00:00+00:00,29,Leeds United FC,Sunderland AFC,,,TIMED,0.0,0.0,SIN JUGAR
538071,2026-03-04 20:00:00+00:00,29,Manchester City FC,Nottingham Forest FC,,,TIMED,0.0,0.0,SIN JUGAR
538072,2026-03-04 20:00:00+00:00,29,Newcastle United FC,Manchester United FC,,,TIMED,0.0,0.0,SIN JUGAR
538073,2026-03-04 20:00:00+00:00,29,Tottenham Hotspur FC,Crystal Palace FC,,,TIMED,0.0,0.0,SIN JUGAR
538074,2026-03-04 20:00:00+00:00,29,Wolverhampton Wanderers FC,Liverpool FC,,,TIMED,0.0,0.0,SIN JUGAR
538075,2026-03-14 15:00:00+00:00,30,Sunderland AFC,Brighton & Hove Albion FC,,,TIMED,0.0,0.0,SIN JUGAR
538076,2026-03-14 15:00:00+00:00,30,Crystal Palace FC,Leeds United FC,,,TIMED,0.0,0.0,SIN JUGAR
538077,2026-03-14 15:00:00+00:00,30,Arsenal FC,Everton FC,,,TIMED,0.0,0.0,SIN JUGAR
538078,2026-03-14 15:00:00+00:00,30,Brentford FC,Wolverhampton Wanderers FC,,,TIMED,0.0,0.0,SIN JUGAR
538079,2026-03-14 15:00:00+00:00,30,Burnley FC,AFC Bournemouth,,,TIMED,0.0,0.0,SIN JUGAR
538080,2026-03-14 15:00:00+00:00,30,Chelsea FC,Newcastle United FC,,,TIMED,0.0,0.0,SIN JUGAR
538081,2026-03-14 15:00:00+00:00,30,Liverpool FC,Tottenham Hotspur FC,,,TIMED,0.0,0.0,SIN JUGAR
538082,2026-03-14 15:00:00+00:00,30,Manchester United FC,Aston Villa FC,,,TIMED,0.0,0.0,SIN JUGAR
538083,2026-03-14 15:00:00+00:00,30,Nottingham Forest FC,Fulham FC,,,TIMED,0.0,0.0,SIN JUGAR
538084,2026-03-14 15:00:00+00:00,30,West Ham United FC,Manchester City FC,,,TIMED,0.0,0.0,SIN JUGAR
538085,2026-03-21 15:00:00+00:00,31,AFC Bournemouth,Manchester United FC,,,TIMED,0.0,0.0,SIN JUGAR
538086,2026-03-21 15:00:00+00:00,31,Aston Villa FC,West Ham United FC,,,TIMED,0.0,0.0,SIN JUGAR
538087,2026-03-21 15:00:00+00:00,31,Brighton & Hove Albion FC,Liverpool FC,,,TIMED,0.0,0.0,SIN JUGAR
538088,2026-03-21 15:00:00+00:00,31,Everton FC,Chelsea FC,,,TIMED,0.0,0.0,SIN JUGAR
538089,2026-03-21 15:00:00+00:00,31,Fulham FC,Burnley FC,,,TIMED,0.0,0.0,SIN JUGAR
538090,2026-03-21 15:00:00+00:00,31,Leeds United FC,Brentford FC,,,TIMED,0.0,0.0,SIN JUGAR
538091,2026-03-21 15:00:00+00:00,31,Manchester City FC,Crystal Palace FC,,,TIMED,0.0,0.0,SIN JUGAR
538092,2026-03-21 15:00:00+00:00,31,Newcastle United FC,Sunderland AFC,,,TIMED,0.0,0.0,SIN JUGAR
538093,2026-03-21 15:00:00+00:00,31,Tottenham Hotspur FC,Nottingham Forest FC,,,TIMED,0.0,0.0,SIN JUGAR
538094,2026-03-21 15:00:00+00:00,31,Wolverhampton Wanderers FC,Arsenal FC,,,TIMED,0.0,0.0,SIN JUGAR
538095,2026-04-11 14:00:00+00:00,32,Sunderland AFC,Tottenham Hotspur FC,,,TIMED,0.0,0.0,SIN JUGAR
538096,2026-04-11 14:00:00+00:00,32,Crystal Palace FC,Newcastle United FC,,,TIMED,0.0,0.0,SIN JUGAR
538097,2026-04-11 14:00:00+00:00,32,Arsenal FC,AFC Bournemouth,,,TIMED,0.0,0.0,SIN JUGAR
538098,2026-04-11 14:00:00+00:00,32,Brentford FC,Everton FC,,,TIMED,0.0,0.0,SIN JUGAR
538099,2026-04-11 14:00:00+00:00,32,Burnley FC,Brighton & Hove Albion FC,,,TIMED,0.0,0.0,SIN JUGAR
538100,2026-04-11 14:00:00+00:00,32,Chelsea FC,Manchester City FC,,,TIMED,0.0,0.0,SIN JUGAR
538101,2026-04-11 14:00:00+00:00,32,Liverpool FC,Fulham FC,,,TIMED,0.0,0.0,SIN JUGAR
538102,2026-04-11 14:00:00+00:00,32,Manchester United FC,Leeds United FC,,,TIMED,0.0,0.0,SIN JUGAR
538103,2026-04-11 14:00:00+00:00,32,Nottingham Forest FC,Aston Villa FC,,,TIMED,0.0,0.0,SIN JUGAR
538104,2026-04-11 14:00:00+00:00,32,West Ham United FC,Wolverhampton Wanderers FC,,,TIMED,0.0,0.0,SIN JUGAR
538112,2026-04-18 14:00:00+00:00,33,Newcastle United FC,AFC Bournemouth,,,TIMED,0.0,0.0,SIN JUGAR
538113,2026-04-18 14:00:00+00:00,33,Nottingham Forest FC,Burnley FC,,,TIMED,0.0,0.0,SIN JUGAR
538114,2026-04-18 14:00:00+00:00,33,Tottenham Hotspur FC,Brighton & Hove Albion FC,,,TIMED,0.0,0.0,SIN JUGAR
538105,2026-04-18 14:00:00+00:00,33,Aston Villa FC,Sunderland AFC,,,TIMED,0.0,0.0,SIN JUGAR
538106,2026-04-18 14:00:00+00:00,33,Crystal Palace FC,West Ham United FC,,,TIMED,0.0,0.0,SIN JUGAR
538107,2026-04-18 14:00:00+00:00,33,Brentford FC,Fulham FC,,,TIMED,0.0,0.0,SIN JUGAR
538108,2026-04-18 14:00:00+00:00,33,Chelsea FC,Manchester United FC,,,TIMED,0.0,0.0,SIN JUGAR
538109,2026-04-18 14:00:00+00:00,33,Everton FC,Liverpool FC,,,TIMED,0.0,0.0,SIN JUGAR
538110,2026-04-18 14:00:00+00:00,33,Leeds United FC,Wolverhampton Wanderers FC,,,TIMED,0.0,0.0,SIN JUGAR
538111,2026-04-18 14:00:00+00:00,33,Manchester City FC,Arsenal FC,,,TIMED,0.0,0.0,SIN JUGAR
538115,2026-04-25 14:00:00+00:00,34,AFC Bournemouth,Leeds United FC,,,TIMED,0.0,0.0,SIN JUGAR
538116,2026-04-25 14:00:00+00:00,34,Sunderland AFC,Nottingham Forest FC,,,TIMED,0.0,0.0,SIN JUGAR
538117,2026-04-25 14:00:00+00:00,34,Brighton & Hove Albion FC,Chelsea FC,,,TIMED,0.0,0.0,SIN JUGAR
538118,2026-04-25 14:00:00+00:00,34,Arsenal FC,Newcastle United FC,,,TIMED,0.0,0.0,SIN JUGAR
538119,2026-04-25 14:00:00+00:00,34,Burnley FC,Manchester City FC,,,TIMED,0.0,0.0,SIN JUGAR
538120,2026-04-25 14:00:00+00:00,34,Fulham FC,Aston Villa FC,,,TIMED,0.0,0.0,SIN JUGAR
538121,2026-04-25 14:00:00+00:00,34,Liverpool FC,Crystal Palace FC,,,TIMED,0.0,0.0,SIN JUGAR
538122,2026-04-25 14:00:00+00:00,34,Manchester United FC,Brentford FC,,,TIMED,0.0,0.0,SIN JUGAR
538123,2026-04-25 14:00:00+00:00,34,West Ham United FC,Everton FC,,,TIMED,0.0,0.0,SIN JUGAR
538124,2026-04-25 14:00:00+00:00,34,Wolverhampton Wanderers FC,Tottenham Hotspur FC,,,TIMED,0.0,0.0,SIN JUGAR
538125,2026-05-02 14:00:00+00:00,35,AFC Bournemouth,Crystal Palace FC,,,TIMED,0.0,0.0,SIN JUGAR
538126,2026-05-02 14:00:00+00:00,35,Aston Villa FC,Tottenham Hotspur FC,,,TIMED,0.0,0.0,SIN JUGAR
538127,2026-05-02 14:00:00+00:00,35,Arsenal FC,Fulham FC,,,TIMED,0.0,0.0,SIN JUGAR
538128,2026-05-02 14:00:00+00:00,35,Brentford FC,West Ham United FC,,,TIMED,0.0,0.0,SIN JUGAR
538129,2026-05-02 14:00:00+00:00,35,Chelsea FC,Nottingham Forest FC,,,TIMED,0.0,0.0,SIN JUGAR
538130,2026-05-02 14:00:00+00:00,35,Everton FC,Manchester City FC,,,TIMED,0.0,0.0,SIN JUGAR
538131,2026-05-02 14:00:00+00:00,35,Leeds United FC,Burnley FC,,,TIMED,0.0,0.0,SIN JUGAR
538132,2026-05-02 14:00:00+00:00,35,Manchester United FC,Liverpool FC,,,TIMED,0.0,0.0,SIN JUGAR
538133,2026-05-02 14:00:00+00:00,35,Newcastle United FC,Brighton & Hove Albion FC,,,TIMED,0.0,0.0,SIN JUGAR
538134,2026-05-02 14:00:00+00:00,35,Wolverhampton Wanderers FC,Sunderland AFC,,,TIMED,0.0,0.0,SIN JUGAR
538135,2026-05-09 14:00:00+00:00,36,Sunderland AFC,Manchester United FC,,,TIMED,0.0,0.0,SIN JUGAR
538136,2026-05-09 14:00:00+00:00,36,Brighton & Hove Albion FC,Wolverhampton Wanderers FC,,,TIMED,0.0,0.0,SIN JUGAR
538137,2026-05-09 14:00:00+00:00,36,Crystal Palace FC,Everton FC,,,TIMED,0.0,0.0,SIN JUGAR
538138,2026-05-09 14:00:00+00:00,36,Burnley FC,Aston Villa FC,,,TIMED,0.0,0.0,SIN JUGAR
538139,2026-05-09 14:00:00+00:00,36,Fulham FC,AFC Bournemouth,,,TIMED,0.0,0.0,SIN JUGAR
538140,2026-05-09 14:00:00+00:00,36,Liverpool FC,Chelsea FC,,,TIMED,0.0,0.0,SIN JUGAR
538141,2026-05-09 14:00:00+00:00,36,Manchester City FC,Brentford FC,,,TIMED,0.0,0.0,SIN JUGAR
538142,2026-05-09 14:00:00+00:00,36,Nottingham Forest FC,Newcastle United FC,,,TIMED,0.0,0.0,SIN JUGAR
538143,2026-05-09 14:00:00+00:00,36,Tottenham Hotspur FC,Leeds United FC,,,TIMED,0.0,0.0,SIN JUGAR
538144,2026-05-09 14:00:00+00:00,36,West Ham United FC,Arsenal FC,,,TIMED,0.0,0.0,SIN JUGAR
538145,2026-05-17 14:00:00+00:00,37,AFC Bournemouth,Manchester City FC,,,TIMED,0.0,0.0,SIN JUGAR
538146,2026-05-17 14:00:00+00:00,37,Aston Villa FC,Liverpool FC,,,TIMED,0.0,0.0,SIN JUGAR
538147,2026-05-17 14:00:00+00:00,37,Arsenal FC,Burnley FC,,,TIMED,0.0,0.0,SIN JUGAR
538148,2026-05-17 14:00:00+00:00,37,Brentford FC,Crystal Palace FC,,,TIMED,0.0,0.0,SIN JUGAR
538149,2026-05-17 14:00:00+00:00,37,Chelsea FC,Tottenham Hotspur FC,,,TIMED,0.0,0.0,SIN JUGAR
538150,2026-05-17 14:00:00+00:00,37,Everton FC,Sunderland AFC,,,TIMED,0.0,0.0,SIN JUGAR
538151,2026-05-17 14:00:00+00:00,37,Leeds United FC,Brighton & Hove Albion FC,,,TIMED,0.0,0.0,SIN JUGAR
538152,2026-05-17 14:00:00+00:00,37,Manchester United FC,Nottingham Forest FC,,,TIMED,0.0,0.0,SIN JUGAR
538153,2026-05-17 14:00:00+00:00,37,Newcastle United FC,West Ham United FC,,,TIMED,0.0,0.0,SIN JUGAR
538154,2026-05-17 14:00:00+00:00,37,Wolverhampton Wanderers FC,Fulham FC,,,TIMED,0.0,0.0,SIN JUGAR
538155,2026-05-24 15:00:00+00:00,38,Sunderland AFC,Chelsea FC,,,TIMED,0.0,0.0,SIN JUGAR
538156,2026-05-24 15:00:00+00:00,38,Brighton & Hove Albion FC,Manchester United FC,,,TIMED,0.0,0.0,SIN JUGAR
538157,2026-05-24 15:00:00+00:00,38,Crystal Palace FC,Arsenal FC,,,TIMED,0.0,0.0,SIN JUGAR
538158,2026-05-24 15:00:00+00:00,38,Burnley FC,Wolverhampton Wanderers FC,,,TIMED,0.0,0.0,SIN JUGAR
538159,2026-05-24 15:00:00+00:00,38,Fulham FC,Newcastle United FC,,,TIMED,0.0,0.0,SIN JUGAR
538160,2026-05-24 15:00:00+00:00,38,Liverpool FC,Brentford FC,,,TIMED,0.0,0.0,SIN JUGAR
538161,2026-05-24 15:00:00+00:00,38,Manchester City FC,Aston Villa FC,,,TIMED,0.0,0.0,SIN JUGAR
538162,2026-05-24 15:00:00+00:00,38,Nottingham Forest FC,AFC Bournemouth,,,TIMED,0.0,0.0,SIN JUGAR
538163,2026-05-24 15:00:00+00:00,38,Tottenham Hotspur FC,Everton FC,,,TIMED,0.0,0.0,SIN JUGAR
538164,2026-05-24 15:00:00+00:00,38,West Ham United FC,Leeds United FC,,,TIMED,0.0,0.0,SIN JUGAR
